<?xml version="1.0" ?>
<COMbust xmlns:dt="urn:schemas-microsoft-com:datatypes">
	<Config>
		<MaxCombinations>5000</MaxCombinations> <!-- Max number of iteration a specific function will go through -->
		<Recursive dt:dt="Boolean">1</Recursive> <!-- Fuzz dispatch interfaces returned by method calls. 0 or 1, where 0 == "false" and 1 == "true". -->
		<TruncateOut dt:dt="ui2">0</TruncateOut> <!-- truncate result variables to n characters. If n=0 then do not truncate-->
	</Config>
	<Fuzz xmlns:dt="urn:schemas-microsoft-com:datatypes">
		<VT_BSTR>
			<Value Label="empty" dt:dt="string"></Value>
			<Value Label="Path" dt:dt="string">.\fuzz.file</Value>
			<Value Label="Path" dt:dt="string">\\?\c:\fuzz.log</Value>
			<value Label="Long string" count="1024" dt:dt="string">X</value>
			<value Label="Long string" count="4000" dt:dt="string">A</value>
			<value Label="Long string" count="60000" dt:dt="string">B</value>
			<value Label="format string" dt:dt="string">%s %s</value>
			<value Label="URL" dt:dt="string">http://www.yahoo.com</value>
			<value Label="program" dt:dt="string">c:\winnt\notepad.exe</value>
		</VT_BSTR>
		<VT_I1>
			<Value Label="0" dt:dt="i1">0</Value>
			<Value Label="-1" dt:dt="i1">-1</Value>
			<Value Label="Min" dt:dt="i1">-127</Value>
			<Value Label="Max" dt:dt="i1">127</Value>
		</VT_I1>
		<VT_UI1>
			<Value Label="0" dt:dt="ui1">0</Value>
			<Value Label="Max" dt:dt="ui1">255</Value>
		</VT_UI1>
		<VT_I2>
			<Value Label="0" dt:dt="i2">0</Value>
			<Value Label="-1" dt:dt="i2">-1</Value>
			<Value Label="Min" dt:dt="i2">-32767</Value>
			<Value Label="Max" dt:dt="i2">32767</Value>
		</VT_I2>
		<VT_UI2>
			<Value Label="0" dt:dt="ui2">0</Value>
			<Value Label="Max" dt:dt="ui2">65535</Value>
		</VT_UI2>
		<VT_I4>
			<Value Label="0" dt:dt="int">0</Value>
			<Value Label="-1" dt:dt="int">-1</Value>
			<Value Label="Min" dt:dt="int">-1073741824</Value>
			<Value Label="Max" dt:dt="int">1073741824</Value>
		</VT_I4>
		<VT_INT>
			<Value Label="0" dt:dt="int">0</Value>
			<Value Label="-1" dt:dt="int">-1</Value>
			<Value Label="Min" dt:dt="int">-1073741824</Value>
			<Value Label="Max" dt:dt="int">1073741824</Value>
		</VT_INT>
		<VT_UI4>
			<Value Label="0" dt:dt="ui4">0</Value>
			<Value Label="Max" dt:dt="ui4">2147483648</Value>
		</VT_UI4>
		<VT_BOOL>
			<Value Label="true" dt:dt="Boolean">1</Value>
			<Value Label="false" dt:dt="Boolean">0</Value>
		</VT_BOOL>
		<VT_DATE>
			<Value Label="1-1-1900" dt:dt="Date">1900-01-01</Value>
			<Value Label="12-12-2200" dt:dt="Date">2200-12-12</Value>
		</VT_DATE>
		<VT_R4>
			<Value Label="0" dt:dt="r4">0.0000</Value>
			<Value Label="-1" dt:dt="r4">-1.0000</Value>
			<Value Label="Min" dt:dt="r4">-99999999.9999</Value>
			<Value Label="Max" dt:dt="r4">99999999.9999</Value>
		</VT_R4>
		<VT_R8>
			<Value Label="0" dt:dt="r8">0.0000</Value>
			<Value Label="-1" dt:dt="r8">-1.0000</Value>
			<Value Label="Min" dt:dt="r8">-99999999.9999</Value>
			<Value Label="Max" dt:dt="r8">99999999.9999</Value>
		</VT_R8>
		<VT_CY>
			<Value Label="0" dt:dt="fixed.14.4">0.0000</Value>
			<Value Label="-1" dt:dt="fixed.14.4">-1.0000</Value>
			<Value Label="Min" dt:dt="fixed.14.4">-99999999.9999</Value>
			<Value Label="Max" dt:dt="fixed.14.4">99999999.9999</Value>
		</VT_CY>
		<!-- VARIANT is the sum of all previous values...-->
		<VT_VARIANT>
			<Value Label="empty" dt:dt="string"></Value>
			<Value Label="Path" dt:dt="string">.\fuzz.file</Value>
			<Value Label="Path" dt:dt="string">\\?\c:\fuzz.log</Value>
			<value Label="Long string" count="1024" dt:dt="string">X</value>
			<value Label="Long string" count="4000" dt:dt="string">A</value>
			<value Label="Long string" count="60000" dt:dt="string">B</value>
			<value Label="URL" dt:dt="string">http://www.yahoo.com</value>
			<value Label="format string" dt:dt="string">%s %s</value>
			<value Label="program" dt:dt="string">c:\winnt\notepad.exe</value>
			<Value Label="0" dt:dt="i1">0</Value>
			<Value Label="-1" dt:dt="i1">-1</Value>
			<Value Label="Min" dt:dt="i1">-127</Value>
			<Value Label="Max" dt:dt="i1">127</Value>
			<Value Label="0" dt:dt="ui1">0</Value>
			<Value Label="Max" dt:dt="ui1">255</Value>
			<Value Label="0" dt:dt="i2">0</Value>
			<Value Label="-1" dt:dt="i2">-1</Value>
			<Value Label="Min" dt:dt="i2">-32767</Value>
			<Value Label="Max" dt:dt="i2">32767</Value>
			<Value Label="0" dt:dt="ui2">0</Value>
			<Value Label="Max" dt:dt="ui2">65535</Value>
			<Value Label="0" dt:dt="int">0</Value>
			<Value Label="-1" dt:dt="int">-1</Value>
			<Value Label="Min" dt:dt="int">-1073741824</Value>
			<Value Label="Max" dt:dt="int">1073741824</Value>
			<Value Label="0" dt:dt="ui4">0</Value>
			<Value Label="Max" dt:dt="ui4">2147483648</Value>
			<Value Label="true" dt:dt="Boolean">1</Value>
			<Value Label="false" dt:dt="Boolean">0</Value>
			<Value Label="1-1-1900" dt:dt="Date">1900-01-01</Value>
			<Value Label="12-12-2200" dt:dt="Date">2200-12-12</Value>
			<Value Label="0" dt:dt="r4">0.0000</Value>
			<Value Label="-1" dt:dt="r4">-1.0000</Value>
			<Value Label="Min" dt:dt="r4">-99999999.9999</Value>
			<Value Label="Max" dt:dt="r4">99999999.9999</Value>
			<Value Label="0" dt:dt="r8">0.0000</Value>
			<Value Label="-1" dt:dt="r8">-1.0000</Value>
			<Value Label="Min" dt:dt="r8">-99999999.9999</Value>
			<Value Label="Max" dt:dt="r8">99999999.9999</Value>
			<Value Label="0" dt:dt="fixed.14.4">0.0000</Value>
			<Value Label="-1" dt:dt="fixed.14.4">-1.0000</Value>
			<Value Label="Min" dt:dt="fixed.14.4">-99999999.9999</Value>
			<Value Label="Max" dt:dt="fixed.14.4">99999999.9999</Value>
		</VT_VARIANT>
	</Fuzz>
	<!-- The ignore section is where you name the functions you want to bypass.
  For example, AddRef & Release should not be fuzzed as they are core COM functions
  Values can take 2 forms:
	- FunctionName - ignore any function with that name regardless of object it belongs to
	- ProgId::FunctionName - ignore function with that name from specific object
   -->
	<Ignore>
		<value>AddRef</value>
		<value>Release</value>
		<value>QueryInterface</value>
		<value>GetTypeInfoCount</value>
		<value>GetTypeInfo</value>
		<value>GetIDsOfNames</value>
		<value>movie</value>
	</Ignore>
</COMbust>